CHROM;POS;snpID;geneID;REF;ALT;relANC;relDER;has_ortho;estANC;estDER;ANC;DER
1;10061491;snp_1_10061491;AT1G28630;C;G;C;G;1;C;G;C;G
1;12266457;snp_1_12266457;AT1G33810;A;G;A;G;1;A;G;A;G
1;12698954;snp_1_12698954;AT1G34650;A;T;A;T;0;T;A;A;T
1;14007403;snp_1_14007403;AT1G36942;C;G;C;G;0;C;G;C;G
1;16659438;snp_1_16659438;AT1G43910;C;T;C;T;1;C;T;C;T
1;18844475;snp_1_18844475;AT1G50840;A;T;A;T;1;T;A;T;A
1;18931610;snp_1_18931610;AT1G51080;C;T;C;T;1;C;C;C;C
1;19088919;snp_1_19088919;AT1G51470;T;G;T;G;1;T;G;T;G
1;19208726;snp_1_19208726;AT1G51790;C;G;C;G;1;C;G;C;G
1;2269817;snp_1_2269817;AT1G07390;T;C;T;C;1;T;C;T;C
1;2429155;snp_1_2429155;AT1G07860;C;T;C;T;1;T;C;T;C
1;24956932;snp_1_24956932;AT1G66890;C;T;C;T;1;C;T;C;T
1;26534647;snp_1_26534647;AT1G70410;T;C;T;C;1;T;T;T;T
1;28906692;snp_1_28906692;AT1G76950;T;G;T;G;1;T;G;T;G
1;30002341;snp_1_30002341;AT1G79730;T;A;T;A;1;A;T;A;T
1;483006;snp_1_483006;AT1G02390;G;T;G;T;1;G;T;G;T
1;5281263;snp_1_5281263;AT1G15350;A;G;A;G;1;G;A;G;A
1;85897;snp_1_85897;AT1G01200;A;T;A;T;1;A;T;A;T
2;135797;snp_2_135797;AT2G01260;T;G;T;G;1;T;G;T;G
2;13656781;snp_2_13656781;AT2G32140;C;T;C;T;0;T;C;C;T
2;7047157;snp_2_7047157;AT2G16270;A;C;A;C;1;A;C;A;C
2;7577464;snp_2_7577464;AT2G17450;A;G;A;G;1;G;A;G;A
2;7738911;snp_2_7738911;AT2G17790;C;T;C;T;1;C;T;C;T
2;9074174;snp_2_9074174;AT2G21180;G;A;G;A;0;A;G;G;A
2;9684609;snp_2_9684609;AT2G22770;G;A;G;A;1;G;A;G;A
3;19651831;snp_3_19651831;AT3G52990;C;T;C;T;1;T;C;T;C
3;20005250;snp_3_20005250;AT3G54010;G;T;G;T;1;T;G;T;G
3;2566348;snp_3_2566348;AT3G08040;C;T;C;T;1;T;C;T;C
3;2586987;snp_3_2586987;AT3G08530;G;T;G;T;1;G;T;G;T
3;572390;snp_3_572390;AT3G02660;T;A;T;A;1;A;T;A;T
3;593437;snp_3_593437;AT3G02750;G;T;G;T;1;G;T;G;T
3;865559;snp_3_865559;AT3G03590;T;A;T;A;1;T;A;T;A
4;10207154;snp_4_10207154;AT4G18490;C;T;C;T;1;C;T;C;T
4;11553237;snp_4_11553237;AT4G21745;C;T;C;T;1;T;C;T;C
4;12078725;snp_4_12078725;AT4G23040;T;C;T;C;1;C;T;C;T
4;12434510;snp_4_12434510;AT4G23920;G;A;G;A;1;G;A;G;A
4;14454821;snp_4_14454821;AT4G29370;C;G;C;G;1;G;C;G;C
4;15595006;snp_4_15595006;AT4G32295;G;A;G;A;1;A;G;A;G
4;15627234;snp_4_15627234;AT4G32370;C;T;C;T;1;T;C;T;C
4;1601862;snp_4_1601862;AT4G03590;T;G;T;G;1;T;G;T;G
4;2194538;snp_4_2194538;AT4G04415;C;T;C;T;0;C;T;C;T
4;2728605;snp_4_2728605;AT4G05360;C;T;C;T;0;T;C;C;T
4;6162846;snp_4_6162846;AT4G09784;G;T;G;T;0;T;G;G;T
4;7168848;snp_4_7168848;AT4G11940;A;G;A;G;1;G;A;G;A
4;9122466;snp_4_9122466;AT4G16130;A;G;A;G;1;A;G;A;G
5;18677171;snp_5_18677171;AT5G46050;C;T;C;T;0;T;C;C;T
5;22606526;snp_5_22606526;AT5G55855;C;T;C;T;0;T;C;C;T
5;23906619;snp_5_23906619;AT5G59250;A;G;A;G;1;G;A;G;A
5;24286074;snp_5_24286074;AT5G60380;C;A;C;A;1;C;A;C;A
5;25068796;snp_5_25068796;AT5G62430;A;T;A;T;1;A;T;A;T
5;25338064;snp_5_25338064;AT5G63170;C;A;C;A;1;C;A;C;A
5;6737965;snp_5_6737965;AT5G19930;T;G;T;G;1;G;T;G;T
